{"models/tensorflow/lunar-23-266": -100.82508721367424, "models/tensorflow/lunar-253-206": -100.68168074549666, "models/tensorflow/lunar-21-200": -100.46781411798686, "models/tensorflow/lunar-58-273": -92.425656622441, "models/tensorflow/lunar-52-272": 253.56861400991355, "models/tensorflow/lunar-116-198": -193.3814927153535, "models/tensorflow/lunar-126-226": 70.63509847487678, "models/tensorflow/lunar-280-235": 186.48814663117273, "models/tensorflow/lunar-55-205": -51.90769116104107, "models/tensorflow/lunar-245-252": 104.63399112263296, "models/tensorflow/lunar-227-313": -157.8447534696325, "models/tensorflow/lunar-254-238": 109.01847477270908, "models/tensorflow/lunar-163-232": 210.02018771635352, "models/tensorflow/lunar-123-201": -100.4237368773485, "models/tensorflow/lunar-299-249": -101.30510695230434, "models/tensorflow/lunar-119-269": -101.35700081199653, "models/tensorflow/lunar-185-253": 208.9764670076155, "models/tensorflow/lunar-96-227": -100.63128887108255, "models/tensorflow/lunar-258-211": -100.27934816427356, "models/tensorflow/lunar-262-197": 111.61941753550062, "models/tensorflow/lunar-198-287": 48.551517351620404, "models/tensorflow/lunar-48-300": -102.28747916517325, "models/tensorflow/lunar-260-191": 175.78630556275675, "models/tensorflow/lunar-42-311": -100.78092394612715, "models/tensorflow/lunar-298-198": -57.54292332900076, "models/tensorflow/lunar-261-228": 78.06030431759547, "models/tensorflow/lunar-221-194": -100.2416902522149, "models/tensorflow/lunar-237-263": -101.16132021896954, "models/tensorflow/lunar-136-271": 214.80764803216627, "models/tensorflow/lunar-56-193": -101.51823274430038, "models/tensorflow/lunar-50-223": -101.09792153328986, "models/tensorflow/lunar-141-212": -101.88193965272323, "models/tensorflow/lunar-295-210": 57.95848921177553, "models/tensorflow/lunar-294-227": 42.288185278305946, "models/tensorflow/lunar-45-221": 224.00417978333235, "models/tensorflow/lunar-40-226": -101.61424920950799, "models/tensorflow/lunar-54-285": 61.26186618481108, "models/tensorflow/lunar-207-244": -110.37353745216492, "models/tensorflow/lunar-20-225": 202.23822631715785, "models/tensorflow/lunar-158-296": -101.48087800156584, "models/tensorflow/lunar-147-271": 115.51089248530707, "models/tensorflow/lunar-194-232": 143.5661905047907, "models/tensorflow/lunar-32-210": -125.55709626725854, "models/tensorflow/lunar-210-275": 151.9687583457914, "models/tensorflow/lunar-145-225": -83.59452606184473, "models/tensorflow/lunar-142-244": 214.99443601014343, "models/tensorflow/lunar-25-209": 197.24933421836778}